Datetime,Day,Image filename,Location,Purpose,Cluster
2019-02-04 14:21:46,monday,week/img (1).jpg,outside,travel - walking,5.0
2019-02-04 14:25:02,monday,week/img (2).jpg,outside,travel - walking,5.0
2019-02-04 14:27:58,monday,week/img (3).jpg,outside,travel - walking,5.0
2019-02-04 14:30:46,monday,week/img (4).jpg,outside,travel - walking,5.0
2019-02-04 14:32:49,monday,week/img (5).jpg,outside,travel - walking,5.0
2019-02-04 14:35:19,monday,week/img (6).jpg,outside,travel - walking,2.0
2019-02-04 14:38:08,monday,week/img (7).jpg,outside,travel - walking,2.0
2019-02-04 14:41:00,monday,week/img (8).jpg,outside,travel - walking,5.0
2019-02-04 14:43:27,monday,week/img (9).jpg,outside,travel - walking,5.0
2019-02-04 14:46:46,monday,week/img (10).jpg,Founders Memorial Library,study,2.0
2019-02-04 14:51:41,monday,week/img (11).jpg,Founders Memorial Library,study,5.0
2019-02-04 14:56:12,monday,week/img (12).jpg,Founders Memorial Library,study,4.0
2019-02-04 15:00:44,monday,week/img (13).jpg,Founders Memorial Library,study,4.0
2019-02-04 15:04:18,monday,week/img (14).jpg,Founders Memorial Library,study,4.0
2019-02-04 15:08:29,monday,week/img (15).jpg,Founders Memorial Library,study,4.0
2019-02-04 15:11:04,monday,week/img (16).jpg,Founders Memorial Library,study,4.0
2019-02-04 15:14:54,monday,week/img (17).jpg,Founders Memorial Library,study,4.0
2019-02-04 15:18:53,monday,week/img (18).jpg,Founders Memorial Library,study,4.0
2019-02-04 15:22:09,monday,week/img (19).jpg,Founders Memorial Library,study,4.0
2019-02-04 15:25:36,monday,week/img (20).jpg,Founders Memorial Library,study,4.0
2019-02-04 15:30:47,monday,week/img (21).jpg,Founders Memorial Library,study,4.0
2019-02-04 15:33:44,monday,week/img (22).jpg,Founders Memorial Library,study,4.0
2019-02-04 15:36:53,monday,week/img (23).jpg,Founders Memorial Library,study,4.0
2019-02-04 15:42:25,monday,week/img (24).jpg,Founders Memorial Library,study,4.0
2019-02-04 15:48:24,monday,week/img (25).jpg,Founders Memorial Library,study,4.0
2019-02-04 15:55:14,monday,week/img (26).jpg,Founders Memorial Library,study,4.0
2019-02-04 15:59:10,monday,week/img (27).jpg,Founders Memorial Library,study,4.0
2019-02-04 16:04:59,monday,week/img (28).jpg,Founders Memorial Library,study,4.0
2019-02-04 16:09:19,monday,week/img (29).jpg,Founders Memorial Library,study,4.0
2019-02-04 16:13:45,monday,week/img (30).jpg,Founders Memorial Library,study,4.0
2019-02-04 16:17:44,monday,week/img (31).jpg,Founders Memorial Library,study,4.0
2019-02-04 16:24:00,monday,week/img (32).jpg,Founders Memorial Library,study,4.0
2019-02-04 16:28:48,monday,week/img (33).jpg,Founders Memorial Library,study,4.0
2019-02-04 16:32:55,monday,week/img (34).jpg,Founders Memorial Library,study,4.0
2019-02-04 16:37:01,monday,week/img (35).jpg,Founders Memorial Library,study,4.0
2019-02-04 16:42:55,monday,week/img (36).jpg,Founders Memorial Library,study,2.0
2019-02-04 16:47:22,monday,week/img (37).jpg,Founders Memorial Library,study,5.0
2019-02-04 16:50:07,monday,week/img (38).jpg,Founders Memorial Library,study,2.0
2019-02-04 16:52:56,monday,week/img (39).jpg,outside,travel - walking,5.0
2019-02-04 16:57:04,monday,week/img (40).jpg,CSCI Building,Attending CSCI 627,2.0
2019-02-04 16:59:06,monday,week/img (41).jpg,CSCI Building,Attending CSCI 627,5.0
2019-02-04 17:02:38,monday,week/img (42).jpg,CSCI Building,Attending CSCI 627,5.0
2019-02-04 17:05:37,monday,week/img (43).jpg,CSCI Building,Attending CSCI 627,5.0
2019-02-04 17:08:44,monday,week/img (44).jpg,CSCI Building,Attending CSCI 627,5.0
2019-02-04 17:13:35,monday,week/img (45).jpg,CSCI Building,Attending CSCI 627,5.0
2019-02-04 17:16:49,monday,week/img (46).jpg,CSCI Building,Attending CSCI 627,5.0
2019-02-04 17:20:27,monday,week/img (47).jpg,CSCI Building,Attending CSCI 627,5.0
2019-02-04 17:25:08,monday,week/img (48).jpg,CSCI Building,Attending CSCI 627,5.0
2019-02-04 17:28:26,monday,week/img (49).jpg,CSCI Building,Attending CSCI 627,5.0
2019-02-04 17:35:11,monday,week/img (50).jpg,CSCI Building,Attending CSCI 627,5.0
2019-02-04 17:38:10,monday,week/img (51).jpg,CSCI Building,Attending CSCI 627,5.0
2019-02-04 17:40:27,monday,week/img (52).jpg,CSCI Building,Attending CSCI 627,5.0
2019-02-04 17:43:07,monday,week/img (53).jpg,CSCI Building,Attending CSCI 627,5.0
2019-02-04 17:47:24,monday,week/img (54).jpg,CSCI Building,Attending CSCI 627,5.0
2019-02-04 17:50:57,monday,week/img (55).jpg,CSCI Building,Attending CSCI 627,5.0
2019-02-04 17:54:01,monday,week/img (56).jpg,CSCI Building,Attending CSCI 627,5.0
2019-02-04 17:58:24,monday,week/img (57).jpg,CSCI Building,Attending CSCI 627,5.0
2019-02-04 18:01:24,monday,week/img (58).jpg,CSCI Building,Attending CSCI 627,5.0
2019-02-04 18:04:17,monday,week/img (59).jpg,CSCI Building,Attending CSCI 627,5.0
2019-02-04 18:06:48,monday,week/img (60).jpg,CSCI Building,Attending CSCI 627,5.0
2019-02-04 18:09:08,monday,week/img (61).jpg,CSCI Building,Attending CSCI 627,5.0
2019-02-04 18:11:15,monday,week/img (62).jpg,CSCI Building,Attending CSCI 627,5.0
2019-02-04 18:14:08,monday,week/img (63).jpg,CSCI Building,Attending CSCI 627,5.0
2019-02-04 18:17:33,monday,week/img (64).jpg,CSCI Building,Attending CSCI 627,5.0
2019-02-04 18:21:19,monday,week/img (65).jpg,CSCI Building,Attending CSCI 627,2.0
2019-02-04 18:25:15,monday,week/img (66).jpg,CSCI Building,Attending CSCI 627,2.0
2019-02-04 18:27:02,monday,week/img (67).jpg,CSCI Building,Attending CSCI 627,2.0
2019-02-04 18:30:12,monday,week/img (68).jpg,CSCI Building,Attending CSCI 627,2.0
2019-02-04 18:34:16,monday,week/img (69).jpg,CSCI Building,Attending CSCI 627,2.0
2019-02-04 18:37:20,monday,week/img (70).jpg,CSCI Building,Attending CSCI 627,2.0
2019-02-04 18:40:27,monday,week/img (71).jpg,CSCI Building,Attending CSCI 627,5.0
2019-02-04 18:43:45,monday,week/img (72).jpg,outside,travel - walking,5.0
2019-02-04 18:47:30,monday,week/img (73).jpg,Faraday Hall,Office Hours - CSCI 340,1.0
2019-02-04 18:49:44,monday,week/img (74).jpg,Faraday Hall,Office Hours - CSCI 340,2.0
2019-02-04 19:00:15,monday,week/img (75).jpg,Faraday Hall,Office Hours - CSCI 340,4.0
2019-02-04 19:07:24,monday,week/img (76).jpg,Faraday Hall,Office Hours - CSCI 340,4.0
2019-02-04 19:13:49,monday,week/img (77).jpg,Faraday Hall,Office Hours - CSCI 340,4.0
2019-02-04 19:17:37,monday,week/img (78).jpg,Faraday Hall,Office Hours - CSCI 340,3.0
2019-02-04 19:22:15,monday,week/img (79).jpg,Faraday Hall,Office Hours - CSCI 340,4.0
2019-02-04 19:27:45,monday,week/img (80).jpg,Faraday Hall,Office Hours - CSCI 340,4.0
2019-02-04 19:34:04,monday,week/img (81).jpg,Faraday Hall,Office Hours - CSCI 340,4.0
2019-02-04 19:39:33,monday,week/img (82).jpg,Faraday Hall,Office Hours - CSCI 340,4.0
2019-02-04 19:42:52,monday,week/img (83).jpg,Faraday Hall,Office Hours - CSCI 340,4.0
2019-02-04 19:54:55,monday,week/img (84).jpg,Faraday Hall,Office Hours - CSCI 340,5.0
2019-02-04 19:59:30,monday,week/img (85).jpg,Faraday Hall,Office Hours - CSCI 340,5.0
2019-02-04 20:03:34,monday,week/img (86).jpg,Faraday Hall,Office Hours - CSCI 340,5.0
2019-02-04 20:24:41,monday,week/img (87).jpg,Faraday Hall,Office Hours - CSCI 340,5.0
2019-02-04 20:30:20,monday,week/img (88).jpg,Faraday Hall,Office Hours - CSCI 340,5.0
2019-02-04 20:34:27,monday,week/img (89).jpg,Faraday Hall,Office Hours - CSCI 340,5.0
2019-02-04 20:38:41,monday,week/img (90).jpg,Faraday Hall,Office Hours - CSCI 340,5.0
2019-02-04 20:40:47,monday,week/img (91).jpg,outside,travel - walking,1.0
2019-02-04 20:43:27,monday,week/img (92).jpg,outside,travel - walking,1.0
2019-02-04 20:45:51,monday,week/img (93).jpg,outside,travel - walking,4.0
2019-02-04 20:48:43,monday,week/img (94).jpg,outside,travel - walking,1.0
2019-02-04 20:51:32,monday,week/img (95).jpg,outside,travel - walking,1.0
2019-02-04 20:53:29,monday,week/img (96).jpg,outside,travel - walking,1.0
2019-02-04 20:57:22,monday,week/img (97).jpg,outside,travel - walking,1.0
2019-02-05 11:07:40,tuesday,week/img (98).jpg,outside,travel - biking,5.0
2019-02-05 11:12:06,tuesday,week/img (99).jpg,outside,travel - biking,5.0
2019-02-05 11:15:37,tuesday,week/img (100).jpg,outside,travel - biking,2.0
2019-02-05 11:18:38,tuesday,week/img (101).jpg,outside,travel - biking,2.0
2019-02-05 11:23:11,tuesday,week/img (102).jpg,Recreation and Wellness Center,workout,2.0
2019-02-05 11:26:03,tuesday,week/img (103).jpg,Recreation and Wellness Center,workout,4.0
2019-02-05 11:29:16,tuesday,week/img (104).jpg,Recreation and Wellness Center,workout,2.0
2019-02-05 11:32:28,tuesday,week/img (105).jpg,Recreation and Wellness Center,workout,2.0
2019-02-05 11:35:12,tuesday,week/img (106).jpg,Recreation and Wellness Center,workout,2.0
2019-02-05 11:37:33,tuesday,week/img (107).jpg,Recreation and Wellness Center,workout,4.0
2019-02-05 11:39:49,tuesday,week/img (108).jpg,Recreation and Wellness Center,workout,4.0
2019-02-05 11:42:56,tuesday,week/img (109).jpg,Recreation and Wellness Center,workout,4.0
2019-02-05 11:46:35,tuesday,week/img (110).jpg,Recreation and Wellness Center,workout,4.0
2019-02-05 11:51:01,tuesday,week/img (111).jpg,Recreation and Wellness Center,workout,4.0
2019-02-05 11:53:50,tuesday,week/img (112).jpg,Recreation and Wellness Center,workout,4.0
2019-02-05 11:57:50,tuesday,week/img (113).jpg,Recreation and Wellness Center,workout,1.0
2019-02-05 12:00:14,tuesday,week/img (114).jpg,Recreation and Wellness Center,workout,1.0
2019-02-05 12:03:34,tuesday,week/img (115).jpg,Recreation and Wellness Center,workout,1.0
2019-02-05 12:06:58,tuesday,week/img (116).jpg,Recreation and Wellness Center,workout,1.0
2019-02-05 12:10:34,tuesday,week/img (117).jpg,Recreation and Wellness Center,workout,3.0
2019-02-05 12:16:25,tuesday,week/img (118).jpg,outside,travel - biking,4.0
2019-02-05 12:20:06,tuesday,week/img (119).jpg,outside,travel - biking,4.0
2019-02-05 12:24:47,tuesday,week/img (120).jpg,CSCI Building,Attending CSCI 515,5.0
2019-02-05 12:28:44,tuesday,week/img (121).jpg,CSCI Building,Attending CSCI 515,2.0
2019-02-05 12:32:05,tuesday,week/img (122).jpg,CSCI Building,Attending CSCI 515,2.0
2019-02-05 12:35:22,tuesday,week/img (123).jpg,CSCI Building,Attending CSCI 515,2.0
2019-02-05 12:38:43,tuesday,week/img (124).jpg,CSCI Building,Attending CSCI 515,2.0
2019-02-05 12:42:44,tuesday,week/img (125).jpg,CSCI Building,Attending CSCI 515,2.0
2019-02-05 12:45:28,tuesday,week/img (126).jpg,CSCI Building,Attending CSCI 515,2.0
2019-02-05 12:50:25,tuesday,week/img (127).jpg,CSCI Building,Attending CSCI 515,5.0
2019-02-05 12:55:23,tuesday,week/img (128).jpg,CSCI Building,Attending CSCI 515,2.0
2019-02-05 13:01:13,tuesday,week/img (129).jpg,CSCI Building,Attending CSCI 515,5.0
2019-02-05 13:05:51,tuesday,week/img (130).jpg,CSCI Building,Attending CSCI 515,2.0
2019-02-05 13:10:59,tuesday,week/img (131).jpg,CSCI Building,Attending CSCI 515,2.0
2019-02-05 13:12:41,tuesday,week/img (132).jpg,CSCI Building,Attending CSCI 515,5.0
2019-02-05 13:16:42,tuesday,week/img (133).jpg,CSCI Building,Attending CSCI 515,2.0
2019-02-05 13:21:49,tuesday,week/img (134).jpg,CSCI Building,Attending CSCI 515,2.0
2019-02-05 13:27:02,tuesday,week/img (135).jpg,CSCI Building,Attending CSCI 515,2.0
2019-02-05 13:31:42,tuesday,week/img (136).jpg,CSCI Building,Attending CSCI 515,2.0
2019-02-05 13:36:03,tuesday,week/img (137).jpg,CSCI Building,Attending CSCI 515,2.0
2019-02-05 13:39:57,tuesday,week/img (138).jpg,CSCI Building,Attending CSCI 515,5.0
2019-02-05 13:43:10,tuesday,week/img (139).jpg,CSCI Building,Attending CSCI 515,5.0
2019-02-05 13:45:47,tuesday,week/img (140).jpg,CSCI Building,Attending CSCI 515,2.0
2019-02-05 13:50:14,tuesday,week/img (141).jpg,CSCI Building,Attending CSCI 515,2.0
2019-02-05 13:58:26,tuesday,week/img (142).jpg,CSCI Building,Attending CSCI 515,5.0
2019-02-05 14:04:04,tuesday,week/img (143).jpg,outside,travel - biking,4.0
2019-02-05 14:06:51,tuesday,week/img (144).jpg,Faraday Hall,Office Hours - CSCI 340,2.0
2019-02-05 14:22:55,tuesday,week/img (145).jpg,Faraday Hall,Office Hours - CSCI 340,5.0
2019-02-05 14:28:32,tuesday,week/img (146).jpg,Faraday Hall,Office Hours - CSCI 340,2.0
2019-02-05 14:36:19,tuesday,week/img (147).jpg,Faraday Hall,Office Hours - CSCI 340,5.0
2019-02-05 14:51:06,tuesday,week/img (148).jpg,Faraday Hall,Office Hours - CSCI 340,5.0
2019-02-05 14:57:21,tuesday,week/img (149).jpg,Faraday Hall,Office Hours - CSCI 340,2.0
2019-02-05 15:02:32,tuesday,week/img (150).jpg,Faraday Hall,Office Hours - CSCI 340,5.0
2019-02-05 15:07:22,tuesday,week/img (151).jpg,Faraday Hall,Office Hours - CSCI 340,5.0
2019-02-05 15:20:55,tuesday,week/img (152).jpg,Faraday Hall,Office Hours - CSCI 340,5.0
2019-02-05 15:26:45,tuesday,week/img (153).jpg,Faraday Hall,Office Hours - CSCI 340,5.0
2019-02-05 15:41:38,tuesday,week/img (154).jpg,Faraday Hall,Office Hours - CSCI 340,5.0
2019-02-05 15:51:01,tuesday,week/img (155).jpg,Faraday Hall,Office Hours - CSCI 340,5.0
2019-02-05 16:02:55,tuesday,week/img (156).jpg,Faraday Hall,Office Hours - CSCI 340,5.0
2019-02-05 16:07:21,tuesday,week/img (157).jpg,Faraday Hall,Office Hours - CSCI 340,2.0
2019-02-05 16:13:15,tuesday,week/img (158).jpg,Faraday Hall,Office Hours - CSCI 340,5.0
2019-02-05 16:15:21,tuesday,week/img (159).jpg,Faraday Hall,Office Hours - CSCI 340,4.0
2019-02-05 16:18:09,tuesday,week/img (160).jpg,outside,travel - biking,4.0
2019-02-05 16:21:22,tuesday,week/img (161).jpg,outside,travel - biking,2.0
2019-02-05 16:25:49,tuesday,week/img (162).jpg,outside,travel - biking,4.0
2019-02-05 16:28:41,tuesday,week/img (163).jpg,outside,travel - biking,2.0
2019-02-06 14:31:32,wednesday,week/img (164).jpg,outside,travel - biking,4.0
2019-02-06 14:33:51,wednesday,week/img (165).jpg,outside,travel - biking,2.0
2019-02-06 14:38:15,wednesday,week/img (166).jpg,outside,travel - biking,2.0
2019-02-06 14:41:36,wednesday,week/img (167).jpg,outside,travel - biking,4.0
2019-02-06 14:44:58,wednesday,week/img (168).jpg,Founders Memorial Library,study,2.0
2019-02-06 14:46:59,wednesday,week/img (169).jpg,Founders Memorial Library,study,4.0
2019-02-06 14:52:41,wednesday,week/img (170).jpg,Founders Memorial Library,study,3.0
2019-02-06 14:57:13,wednesday,week/img (171).jpg,Founders Memorial Library,study,3.0
2019-02-06 15:02:14,wednesday,week/img (172).jpg,Founders Memorial Library,study,3.0
2019-02-06 15:04:53,wednesday,week/img (173).jpg,Founders Memorial Library,study,3.0
2019-02-06 15:10:26,wednesday,week/img (174).jpg,Founders Memorial Library,study,3.0
2019-02-06 15:14:46,wednesday,week/img (175).jpg,Founders Memorial Library,study,3.0
2019-02-06 15:21:06,wednesday,week/img (176).jpg,Founders Memorial Library,study,3.0
2019-02-06 15:25:25,wednesday,week/img (177).jpg,Founders Memorial Library,study,3.0
2019-02-06 15:29:21,wednesday,week/img (178).jpg,Founders Memorial Library,study,3.0
2019-02-06 15:33:52,wednesday,week/img (179).jpg,Founders Memorial Library,study,3.0
2019-02-06 15:37:16,wednesday,week/img (180).jpg,Founders Memorial Library,study,3.0
2019-02-06 15:41:59,wednesday,week/img (181).jpg,Founders Memorial Library,study,3.0
2019-02-06 15:46:59,wednesday,week/img (182).jpg,Founders Memorial Library,study,3.0
2019-02-06 15:50:58,wednesday,week/img (183).jpg,Founders Memorial Library,study,3.0
2019-02-06 15:54:59,wednesday,week/img (184).jpg,Founders Memorial Library,study,3.0
2019-02-06 15:59:43,wednesday,week/img (185).jpg,Founders Memorial Library,study,3.0
2019-02-06 16:15:28,wednesday,week/img (186).jpg,Founders Memorial Library,study,3.0
2019-02-06 16:19:44,wednesday,week/img (187).jpg,Founders Memorial Library,study,3.0
2019-02-06 16:24:21,wednesday,week/img (188).jpg,Founders Memorial Library,study,3.0
2019-02-06 16:29:43,wednesday,week/img (189).jpg,Founders Memorial Library,study,3.0
2019-02-06 16:31:59,wednesday,week/img (190).jpg,Founders Memorial Library,study,3.0
2019-02-06 16:34:38,wednesday,week/img (191).jpg,Founders Memorial Library,study,3.0
2019-02-06 16:40:08,wednesday,week/img (192).jpg,Founders Memorial Library,study,3.0
2019-02-06 16:42:55,wednesday,week/img (193).jpg,Founders Memorial Library,study,3.0
2019-02-06 16:48:33,wednesday,week/img (194).jpg,Founders Memorial Library,study,3.0
2019-02-06 16:50:40,wednesday,week/img (195).jpg,Founders Memorial Library,study,4.0
2019-02-06 16:53:56,wednesday,week/img (196).jpg,Founders Memorial Library,study,5.0
2019-02-06 16:57:10,wednesday,week/img (197).jpg,CSCI Building,Attending CSCI 627,2.0
2019-02-06 16:59:24,wednesday,week/img (198).jpg,CSCI Building,Attending CSCI 627,5.0
2019-02-06 17:01:33,wednesday,week/img (199).jpg,CSCI Building,Attending CSCI 627,5.0
2019-02-06 17:05:07,wednesday,week/img (200).jpg,CSCI Building,Attending CSCI 627,5.0
2019-02-06 17:09:11,wednesday,week/img (201).jpg,CSCI Building,Attending CSCI 627,4.0
2019-02-06 17:12:23,wednesday,week/img (202).jpg,CSCI Building,Attending CSCI 627,4.0
2019-02-06 17:15:26,wednesday,week/img (203).jpg,CSCI Building,Attending CSCI 627,4.0
2019-02-06 17:18:53,wednesday,week/img (204).jpg,CSCI Building,Attending CSCI 627,3.0
2019-02-06 17:21:24,wednesday,week/img (205).jpg,CSCI Building,Attending CSCI 627,5.0
2019-02-06 17:26:58,wednesday,week/img (206).jpg,CSCI Building,Attending CSCI 627,3.0
2019-02-06 17:28:47,wednesday,week/img (207).jpg,CSCI Building,Attending CSCI 627,5.0
2019-02-06 17:32:00,wednesday,week/img (208).jpg,CSCI Building,Attending CSCI 627,2.0
2019-02-06 17:34:59,wednesday,week/img (209).jpg,CSCI Building,Attending CSCI 627,3.0
2019-02-06 17:39:32,wednesday,week/img (210).jpg,CSCI Building,Attending CSCI 627,3.0
2019-02-06 17:46:29,wednesday,week/img (211).jpg,CSCI Building,Attending CSCI 627,5.0
2019-02-06 17:49:42,wednesday,week/img (212).jpg,CSCI Building,Attending CSCI 627,2.0
2019-02-06 17:52:16,wednesday,week/img (213).jpg,CSCI Building,Attending CSCI 627,5.0
2019-02-06 17:56:33,wednesday,week/img (214).jpg,CSCI Building,Attending CSCI 627,5.0
2019-02-06 17:58:34,wednesday,week/img (215).jpg,CSCI Building,Attending CSCI 627,3.0
2019-02-06 18:03:12,wednesday,week/img (216).jpg,CSCI Building,Attending CSCI 627,2.0
2019-02-06 18:05:51,wednesday,week/img (217).jpg,CSCI Building,Attending CSCI 627,5.0
2019-02-06 18:12:09,wednesday,week/img (218).jpg,CSCI Building,Attending CSCI 627,5.0
2019-02-06 18:15:30,wednesday,week/img (219).jpg,CSCI Building,Attending CSCI 627,2.0
2019-02-06 18:17:57,wednesday,week/img (220).jpg,CSCI Building,Attending CSCI 627,4.0
2019-02-06 18:22:53,wednesday,week/img (221).jpg,CSCI Building,Attending CSCI 627,2.0
2019-02-06 18:23:58,wednesday,week/img (222).jpg,outside,travel - biking,4.0
2019-02-06 18:27:15,wednesday,week/img (223).jpg,outside,travel - biking,1.0
2019-02-06 18:29:57,wednesday,week/img (224).jpg,outside,travel - biking,1.0
2019-02-06 18:33:28,wednesday,week/img (225).jpg,outside,travel - biking,1.0
2019-02-06 18:37:08,wednesday,week/img (226).jpg,outside,travel - biking,4.0
2019-02-07 11:08:18,thursday,week/img (227).jpg,outside,travel - biking,2.0
2019-02-07 11:12:21,thursday,week/img (228).jpg,outside,travel - biking,2.0
2019-02-07 11:13:55,thursday,week/img (229).jpg,outside,travel - biking,2.0
2019-02-07 11:16:41,thursday,week/img (230).jpg,outside,travel - biking,4.0
2019-02-07 11:19:40,thursday,week/img (231).jpg,outside,travel - biking,4.0
2019-02-07 11:22:02,thursday,week/img (232).jpg,Recreation and Wellness Center,workout,4.0
2019-02-07 11:32:06,thursday,week/img (233).jpg,Recreation and Wellness Center,workout,2.0
2019-02-07 11:37:34,thursday,week/img (234).jpg,Recreation and Wellness Center,workout,4.0
2019-02-07 11:39:53,thursday,week/img (235).jpg,Recreation and Wellness Center,workout,4.0
2019-02-07 11:43:21,thursday,week/img (236).jpg,Recreation and Wellness Center,workout,2.0
2019-02-07 11:46:27,thursday,week/img (237).jpg,Recreation and Wellness Center,workout,4.0
2019-02-07 11:49:13,thursday,week/img (238).jpg,Recreation and Wellness Center,workout,4.0
2019-02-07 11:51:30,thursday,week/img (239).jpg,Recreation and Wellness Center,workout,4.0
2019-02-07 11:54:33,thursday,week/img (240).jpg,Recreation and Wellness Center,workout,4.0
2019-02-07 11:58:46,thursday,week/img (241).jpg,Recreation and Wellness Center,workout,3.0
2019-02-07 12:03:31,thursday,week/img (242).jpg,Recreation and Wellness Center,workout,3.0
2019-02-07 12:06:19,thursday,week/img (243).jpg,Recreation and Wellness Center,workout,3.0
2019-02-07 12:09:53,thursday,week/img (244).jpg,Recreation and Wellness Center,workout,1.0
2019-02-07 12:13:58,thursday,week/img (245).jpg,Recreation and Wellness Center,workout,1.0
2019-02-07 12:18:22,thursday,week/img (246).jpg,Recreation and Wellness Center,workout,2.0
2019-02-07 12:22:05,thursday,week/img (247).jpg,outside,travel - biking,4.0
2019-02-07 12:26:17,thursday,week/img (248).jpg,outside,travel - biking,5.0
2019-02-07 12:31:05,thursday,week/img (249).jpg,CSCI Building,Attending CSCI 515,2.0
2019-02-07 12:35:05,thursday,week/img (250).jpg,CSCI Building,Attending CSCI 515,2.0
2019-02-07 12:50:46,thursday,week/img (251).jpg,CSCI Building,Attending CSCI 515,4.0
2019-02-07 12:56:24,thursday,week/img (252).jpg,CSCI Building,Attending CSCI 515,2.0
2019-02-07 13:00:21,thursday,week/img (253).jpg,CSCI Building,Attending CSCI 515,2.0
2019-02-07 13:12:28,thursday,week/img (254).jpg,CSCI Building,Attending CSCI 515,2.0
2019-02-07 13:19:16,thursday,week/img (255).jpg,CSCI Building,Attending CSCI 515,2.0
2019-02-07 13:27:15,thursday,week/img (256).jpg,CSCI Building,Attending CSCI 515,5.0
2019-02-07 13:32:52,thursday,week/img (257).jpg,CSCI Building,Attending CSCI 515,5.0
2019-02-07 13:37:21,thursday,week/img (258).jpg,CSCI Building,Attending CSCI 515,2.0
2019-02-07 13:47:35,thursday,week/img (259).jpg,CSCI Building,Attending CSCI 515,2.0
2019-02-07 13:56:04,thursday,week/img (260).jpg,CSCI Building,Attending CSCI 515,2.0
2019-02-07 13:56:16,thursday,week/img (261).jpg,CSCI Building,Attending CSCI 515,2.0
2019-02-07 14:00:04,thursday,week/img (262).jpg,outside,travel - biking,3.0
2019-02-07 14:05:04,thursday,week/img (263).jpg,outside,travel - biking,2.0
2019-02-07 14:06:07,thursday,week/img (264).jpg,Faraday Hall,Office Hours - CSCI 340,4.0
2019-02-07 14:17:05,thursday,week/img (265).jpg,Faraday Hall,Office Hours - CSCI 340,4.0
2019-02-07 14:25:29,thursday,week/img (266).jpg,Faraday Hall,Office Hours - CSCI 340,1.0
2019-02-07 14:31:48,thursday,week/img (267).jpg,Faraday Hall,Office Hours - CSCI 340,4.0
2019-02-07 14:47:48,thursday,week/img (268).jpg,Faraday Hall,Office Hours - CSCI 340,4.0
2019-02-07 14:56:24,thursday,week/img (269).jpg,Faraday Hall,Office Hours - CSCI 340,4.0
2019-02-07 15:03:28,thursday,week/img (270).jpg,Faraday Hall,Office Hours - CSCI 340,3.0
2019-02-07 15:08:37,thursday,week/img (271).jpg,Faraday Hall,Office Hours - CSCI 340,2.0
2019-02-07 15:18:31,thursday,week/img (272).jpg,Faraday Hall,Office Hours - CSCI 340,3.0
2019-02-07 15:29:10,thursday,week/img (273).jpg,Faraday Hall,Office Hours - CSCI 340,3.0
2019-02-07 15:32:19,thursday,week/img (274).jpg,Faraday Hall,Office Hours - CSCI 340,5.0
2019-02-07 15:35:32,thursday,week/img (275).jpg,Faraday Hall,Office Hours - CSCI 340,5.0
2019-02-07 15:39:33,thursday,week/img (276).jpg,Faraday Hall,Office Hours - CSCI 340,5.0
2019-02-07 15:43:46,thursday,week/img (277).jpg,Faraday Hall,Office Hours - CSCI 340,4.0
2019-02-07 15:49:40,thursday,week/img (278).jpg,Faraday Hall,Office Hours - CSCI 340,4.0
2019-02-07 15:53:35,thursday,week/img (279).jpg,Faraday Hall,Office Hours - CSCI 340,4.0
2019-02-07 16:00:31,thursday,week/img (280).jpg,Faraday Hall,Office Hours - CSCI 340,4.0
2019-02-07 16:05:34,thursday,week/img (281).jpg,outside,travel - biking,2.0
2019-02-07 16:08:52,thursday,week/img (282).jpg,outside,travel - biking,1.0
2019-02-07 16:12:03,thursday,week/img (283).jpg,outside,travel - biking,5.0
2019-02-07 16:14:57,thursday,week/img (284).jpg,outside,travel - biking,2.0
2019-02-07 16:18:19,thursday,week/img (285).jpg,outside,travel - biking,5.0
2019-02-07 16:22:34,thursday,week/img (286).jpg,Home,Rest & Relaxation,2.0
2019-02-07 16:29:10,thursday,week/img (287).jpg,Home,Rest & Relaxation,4.0
2019-02-07 16:32:23,thursday,week/img (288).jpg,Home,Rest & Relaxation,1.0
2019-02-07 16:36:09,thursday,week/img (289).jpg,Home,Rest & Relaxation,1.0
2019-02-07 16:39:14,thursday,week/img (290).jpg,Home,Rest & Relaxation,1.0
2019-02-07 16:42:26,thursday,week/img (291).jpg,Home,Rest & Relaxation,1.0
2019-02-07 16:44:54,thursday,week/img (292).jpg,Home,Rest & Relaxation,1.0
2019-02-07 16:46:51,thursday,week/img (293).jpg,outside,travel - car,2.0
2019-02-07 16:50:12,thursday,week/img (294).jpg,outside,travel - car,4.0
2019-02-07 16:53:25,thursday,week/img (295).jpg,outside,travel - car,4.0
2019-02-07 16:57:25,thursday,week/img (296).jpg,Chick Evans Field House,Husky Food Pantry,4.0
2019-02-07 17:02:22,thursday,week/img (297).jpg,Chick Evans Field House,Husky Food Pantry,2.0
2019-02-07 17:05:06,thursday,week/img (298).jpg,Chick Evans Field House,Husky Food Pantry,2.0
2019-02-07 17:08:52,thursday,week/img (299).jpg,Chick Evans Field House,Husky Food Pantry,2.0
2019-02-07 17:13:29,thursday,week/img (300).jpg,Chick Evans Field House,Husky Food Pantry,4.0
2019-02-07 17:18:15,thursday,week/img (301).jpg,Chick Evans Field House,Husky Food Pantry,2.0
2019-02-07 17:27:01,thursday,week/img (302).jpg,Chick Evans Field House,Husky Food Pantry,2.0
2019-02-07 17:29:53,thursday,week/img (303).jpg,Chick Evans Field House,Husky Food Pantry,4.0
2019-02-07 17:35:01,thursday,week/img (304).jpg,outside,travel - car,4.0
2019-02-07 17:41:48,thursday,week/img (305).jpg,outside,travel - car,4.0
2019-02-07 17:44:42,thursday,week/img (306).jpg,outside,travel - car,1.0
2019-02-07 17:49:03,thursday,week/img (307).jpg,outside,travel - car,1.0
2019-02-07 17:53:37,thursday,week/img (308).jpg,Home,Final shot,4.0
